<?xml version='1.0' encoding='utf-8'?>
<list>
  <!--Create by VISTALL-->
  <!--Список нпц которые спавнятся и деспавлятся при повишении - пониженни лвл ХБ.-->
  <!--Спавн хеллбоунда на 1 левеле, ток аборигены-->
  <hellbound level="1">
    <npc id="22323">
      <!--Subjugated Native-->
      <spawnlist>
        <spawn x="-10577" y="237356" z="-3149" h="65055" />
        <spawn x="-12013" y="238409" z="-3238" h="24810" />
        <spawn x="-12356" y="238609" z="-3282" h="29650" />
        <spawn x="-12707" y="237458" z="-3227" h="44352" />
        <spawn x="-14083" y="236811" z="-3293" h="35434" />
        <spawn x="-14639" y="236636" z="-3318" h="28059" />
        <spawn x="-14609" y="236468" z="-3323" h="50973" />
        <spawn x="-12971" y="236486" z="-3296" h="3816" />
        <spawn x="-16535" y="238373" z="-3330" h="32821" />
        <spawn x="-17413" y="238605" z="-3333" h="25672" />
        <spawn x="-17737" y="239430" z="-3346" h="19952" />
        <spawn x="-18049" y="240131" z="-3371" h="19365" />
        <spawn x="-18166" y="240661" z="-3376" h="17798" />
        <spawn x="-18361" y="241412" z="-3344" h="25370" />
        <spawn x="-19656" y="242519" z="-3372" h="39777" />
        <spawn x="-20207" y="242776" z="-3320" h="28240" />
        <spawn x="-21160" y="240982" z="-2857" h="51672" />
        <spawn x="-20663" y="240445" z="-2853" h="2590" />
        <spawn x="-19731" y="240540" z="-2863" h="56116" />
        <spawn x="-19675" y="238917" z="-2853" h="52575" />
        <spawn x="-19956" y="238359" z="-2782" h="44076" />
        <spawn x="-20065" y="238088" z="-2733" h="44347" />
        <spawn x="-20312" y="239074" z="-2809" h="20021" />
        <spawn x="-23413" y="244327" z="-3142" h="30937" />
        <spawn x="-24456" y="245273" z="-3142" h="25605" />
        <spawn x="-24400" y="245342" z="-3139" h="9272" />
        <spawn x="-24184" y="246829" z="-3140" h="21354" />
        <spawn x="-24131" y="246895" z="-3136" h="9326" />
        <spawn x="-24505" y="246200" z="-3142" h="41105" />
        <spawn x="-23827" y="251508" z="-3374" h="36744" />
        <spawn x="-24813" y="251592" z="-3308" h="32068" />
        <spawn x="-25028" y="252160" z="-3303" h="17292" />
        <spawn x="-25199" y="252162" z="-3278" h="37604" />
        <spawn x="-23089" y="251919" z="-3370" h="2435" />
        <spawn x="-27251" y="254398" z="-2100" h="17713" />
        <spawn x="-27448" y="254772" z="-2083" h="21474" />
        <spawn x="-26802" y="255580" z="-1961" h="4395" />
        <spawn x="-27421" y="255938" z="-1974" h="26847" />
        <spawn x="-28210" y="257060" z="-1931" h="21060" />
        <spawn x="-26399" y="257076" z="-1935" h="65162" />
        <spawn x="-25510" y="256393" z="-2155" h="45089" />
        <spawn x="-25582" y="254862" z="-2147" h="48633" />
        <spawn x="-26459" y="254151" z="-2147" h="39584" />
        <spawn x="-28023" y="253782" z="-2149" h="31123" />
        <spawn x="-28741" y="254135" z="-2169" h="18991" />
      </spawnlist>
    </npc>
    <npc id="22323">
      <!--Charmed Native-->
      <spawnlist>
        <spawn x="-11789" y="237702" z="-3160" h="3326" />
        <spawn x="-10135" y="237547" z="-3140" h="3599" />
        <spawn x="-10661" y="237586" z="-3131" h="30769" />
        <spawn x="-12292" y="238438" z="-3273" h="52887" />
        <spawn x="-12636" y="237769" z="-3230" h="43213" />
        <spawn x="-14496" y="236664" z="-3313" h="41845" />
        <spawn x="-13364" y="236368" z="-3273" h="1631" />
        <spawn x="-12820" y="236699" z="-3294" h="9951" />
        <spawn x="-14583" y="238345" z="-3255" h="25133" />
        <spawn x="-15021" y="238531" z="-3292" h="29420" />
        <spawn x="-16959" y="238296" z="-3345" h="36123" />
        <spawn x="-18001" y="239769" z="-3365" h="19704" />
        <spawn x="-17932" y="239864" z="-3366" h="9831" />
        <spawn x="-18234" y="241303" z="-3352" h="15904" />
        <spawn x="-19519" y="242628" z="-3372" h="24425" />
        <spawn x="-21010" y="240506" z="-2826" h="52975" />
        <spawn x="-20251" y="240755" z="-2863" h="7569" />
        <spawn x="-20092" y="240668" z="-2863" h="3751" />
        <spawn x="-19764" y="239165" z="-2858" h="48081" />
        <spawn x="-20307" y="237889" z="-2611" h="44366" />
        <spawn x="-23048" y="244030" z="-3121" h="23552" />
        <spawn x="-23516" y="244214" z="-3142" h="41727" />
        <spawn x="-24043" y="245009" z="-3139" h="26509" />
        <spawn x="-24289" y="245875" z="-3142" h="15881" />
        <spawn x="-23771" y="246239" z="-3142" h="2938" />
        <spawn x="-24714" y="245802" z="-3142" h="44337" />
        <spawn x="-23633" y="251135" z="-3317" h="15517" />
        <spawn x="-24432" y="251648" z="-3358" h="60699" />
        <spawn x="-22686" y="251747" z="-3375" h="61704" />
        <spawn x="-27193" y="253489" z="-2189" h="16530" />
        <spawn x="-27193" y="255304" z="-2023" h="10269" />
        <spawn x="-28041" y="257288" z="-1939" h="9346" />
        <spawn x="-26156" y="257041" z="-1924" h="64043" />
        <spawn x="-25425" y="257018" z="-2132" h="280" />
        <spawn x="-26308" y="253936" z="-2144" h="55421" />
        <spawn x="-27944" y="256663" z="-1934" h="23050" />
        <spawn x="-25732" y="254391" z="-2151" h="45744" />
        <spawn x="-28535" y="253708" z="-2149" h="33574" />
        <spawn x="-25196" y="255451" z="-2147" h="52706" />
      </spawnlist>
    </npc>
  </hellbound>
  <!--Спавн хеллбоунда на 2 левеле, аборигены, мобы-души которые можно освободить святой водой-->
  <hellbound level="2">
    <npc id="18463">
      <!--Remnant Diabolist-->
      <spawnlist>
        <spawn x="-27061" y="254941" z="-2042" h="46320" />
        <spawn x="-27455" y="256493" z="-1932" h="27597" />
        <spawn x="-28073" y="257065" z="-1933" h="7677" />
        <spawn x="-26991" y="257600" z="-1932" h="63910" />
        <spawn x="-26661" y="257615" z="-1926" h="473" />
        <spawn x="-25730" y="254439" z="-2153" h="54360" />
        <spawn x="-25099" y="255567" z="-2147" h="16358" />
        <spawn x="-29151" y="255839" z="-2147" h="42134" />
        <spawn x="-29068" y="254817" z="-2167" h="50499" />
        <spawn x="-27982" y="254332" z="-2153" h="58681" />
        <spawn x="-27263" y="254089" z="-2129" h="48379" />
      </spawnlist>
    </npc>
    <npc id="18464">
      <!--Remnant Diviner-->
      <spawnlist>
        <spawn x="-27281" y="255183" z="-12039" h="49515" />
        <spawn x="-27286" y="255929" z="-11960" h="12297" />
        <spawn x="-27583" y="256373" z="-11924" h="24848" />
        <spawn x="-27949" y="256665" z="-11932" h="18243" />
        <spawn x="-28234" y="256868" z="-11941" h="26312" />
        <spawn x="-27462" y="257674" z="-11928" h="4984" />
        <spawn x="-26343" y="256435" z="-11933" h="53950" />
        <spawn x="-26166" y="255304" z="-12145" h="53579" />
        <spawn x="-26008" y="254988" z="-12147" h="52882" />
        <spawn x="-25102" y="254910" z="-12144" h="19611" />
        <spawn x="-26666" y="256235" z="-11911" h="62890" />
        <spawn x="-28666" y="254838" z="-12167" h="63197" />
        <spawn x="-27693" y="254611" z="-12110" h="7116" />
        <spawn x="-27180" y="253936" z="-12141" h="54336" />
      </spawnlist>
    </npc>
    <npc id="22323">
      <!--Subjugated Native-->
      <spawnlist>
        <spawn x="-10577" y="237356" z="-3149" h="65055" />
        <spawn x="-12013" y="238409" z="-3238" h="24810" />
        <spawn x="-12356" y="238609" z="-3282" h="29650" />
        <spawn x="-12707" y="237458" z="-3227" h="44352" />
        <spawn x="-14083" y="236811" z="-3293" h="35434" />
        <spawn x="-14639" y="236636" z="-3318" h="28059" />
        <spawn x="-14609" y="236468" z="-3323" h="50973" />
        <spawn x="-12971" y="236486" z="-3296" h="3816" />
        <spawn x="-16535" y="238373" z="-3330" h="32821" />
        <spawn x="-17413" y="238605" z="-3333" h="25672" />
        <spawn x="-17737" y="239430" z="-3346" h="19952" />
        <spawn x="-18049" y="240131" z="-3371" h="19365" />
        <spawn x="-18166" y="240661" z="-3376" h="17798" />
        <spawn x="-18361" y="241412" z="-3344" h="25370" />
        <spawn x="-19656" y="242519" z="-3372" h="39777" />
        <spawn x="-20207" y="242776" z="-3320" h="28240" />
        <spawn x="-21160" y="240982" z="-2857" h="51672" />
        <spawn x="-20663" y="240445" z="-2853" h="2590" />
        <spawn x="-19731" y="240540" z="-2863" h="56116" />
        <spawn x="-19675" y="238917" z="-2853" h="52575" />
        <spawn x="-19956" y="238359" z="-2782" h="44076" />
        <spawn x="-20065" y="238088" z="-2733" h="44347" />
        <spawn x="-20312" y="239074" z="-2809" h="20021" />
        <spawn x="-23413" y="244327" z="-3142" h="30937" />
        <spawn x="-24456" y="245273" z="-3142" h="25605" />
        <spawn x="-24400" y="245342" z="-3139" h="9272" />
        <spawn x="-24184" y="246829" z="-3140" h="21354" />
        <spawn x="-24131" y="246895" z="-3136" h="9326" />
        <spawn x="-24505" y="246200" z="-3142" h="41105" />
        <spawn x="-23827" y="251508" z="-3374" h="36744" />
        <spawn x="-24813" y="251592" z="-3308" h="32068" />
        <spawn x="-25028" y="252160" z="-3303" h="17292" />
        <spawn x="-25199" y="252162" z="-3278" h="37604" />
        <spawn x="-23089" y="251919" z="-3370" h="2435" />
        <spawn x="-27251" y="254398" z="-2100" h="17713" />
        <spawn x="-27448" y="254772" z="-2083" h="21474" />
        <spawn x="-26802" y="255580" z="-1961" h="4395" />
        <spawn x="-27421" y="255938" z="-1974" h="26847" />
        <spawn x="-28210" y="257060" z="-1931" h="21060" />
        <spawn x="-26399" y="257076" z="-1935" h="65162" />
        <spawn x="-25510" y="256393" z="-2155" h="45089" />
        <spawn x="-25582" y="254862" z="-2147" h="48633" />
        <spawn x="-26459" y="254151" z="-2147" h="39584" />
        <spawn x="-28023" y="253782" z="-2149" h="31123" />
        <spawn x="-28741" y="254135" z="-2169" h="18991" />
      </spawnlist>
    </npc>
    <npc id="22323">
      <!--Charmed Native-->
      <spawnlist>
        <spawn x="-11789" y="237702" z="-3160" h="3326" />
        <spawn x="-10135" y="237547" z="-3140" h="3599" />
        <spawn x="-10661" y="237586" z="-3131" h="30769" />
        <spawn x="-12292" y="238438" z="-3273" h="52887" />
        <spawn x="-12636" y="237769" z="-3230" h="43213" />
        <spawn x="-14496" y="236664" z="-3313" h="41845" />
        <spawn x="-13364" y="236368" z="-3273" h="1631" />
        <spawn x="-12820" y="236699" z="-3294" h="9951" />
        <spawn x="-14583" y="238345" z="-3255" h="25133" />
        <spawn x="-15021" y="238531" z="-3292" h="29420" />
        <spawn x="-16959" y="238296" z="-3345" h="36123" />
        <spawn x="-18001" y="239769" z="-3365" h="19704" />
        <spawn x="-17932" y="239864" z="-3366" h="9831" />
        <spawn x="-18234" y="241303" z="-3352" h="15904" />
        <spawn x="-19519" y="242628" z="-3372" h="24425" />
        <spawn x="-21010" y="240506" z="-2826" h="52975" />
        <spawn x="-20251" y="240755" z="-2863" h="7569" />
        <spawn x="-20092" y="240668" z="-2863" h="3751" />
        <spawn x="-19764" y="239165" z="-2858" h="48081" />
        <spawn x="-20307" y="237889" z="-2611" h="44366" />
        <spawn x="-23048" y="244030" z="-3121" h="23552" />
        <spawn x="-23516" y="244214" z="-3142" h="41727" />
        <spawn x="-24043" y="245009" z="-3139" h="26509" />
        <spawn x="-24289" y="245875" z="-3142" h="15881" />
        <spawn x="-23771" y="246239" z="-3142" h="2938" />
        <spawn x="-24714" y="245802" z="-3142" h="44337" />
        <spawn x="-23633" y="251135" z="-3317" h="15517" />
        <spawn x="-24432" y="251648" z="-3358" h="60699" />
        <spawn x="-22686" y="251747" z="-3375" h="61704" />
        <spawn x="-27193" y="253489" z="-2189" h="16530" />
        <spawn x="-27193" y="255304" z="-2023" h="10269" />
        <spawn x="-28041" y="257288" z="-1939" h="9346" />
        <spawn x="-26156" y="257041" z="-1924" h="64043" />
        <spawn x="-25425" y="257018" z="-2132" h="280" />
        <spawn x="-26308" y="253936" z="-2144" h="55421" />
        <spawn x="-27944" y="256663" z="-1934" h="23050" />
        <spawn x="-25732" y="254391" z="-2151" h="45744" />
        <spawn x="-28535" y="253708" z="-2149" h="33574" />
        <spawn x="-25196" y="255451" z="-2147" h="52706" />
      </spawnlist>
    </npc>
  </hellbound>
</list><?xml version='1.0' encoding='utf-8'?>
<list>
  <!--Create by VISTALL-->
  <!--Список нпц которые спавнятся и деспавлятся при повишении - пониженни лвл ХБ.-->
  <!--Спавн хеллбоунда на 1 левеле, ток аборигены-->
  <hellbound level="1">
    <npc id="22322">
      <!--Subjugated  Native-->
      <spawnlist>
        <spawn x="-10577" y="237356" z="-3149" h="65055" />
        <spawn x="-12013" y="238409" z="-3238" h="24810" />
        <spawn x="-12356" y="238609" z="-3282" h="29650" />
        <spawn x="-12707" y="237458" z="-3227" h="44352" />
        <spawn x="-14083" y="236811" z="-3293" h="35434" />
        <spawn x="-14639" y="236636" z="-3318" h="28059" />
        <spawn x="-14609" y="236468" z="-3323" h="50973" />
        <spawn x="-12971" y="236486" z="-3296" h="3816" />
        <spawn x="-16535" y="238373" z="-3330" h="32821" />
        <spawn x="-17413" y="238605" z="-3333" h="25672" />
        <spawn x="-17737" y="239430" z="-3346" h="19952" />
        <spawn x="-18049" y="240131" z="-3371" h="19365" />
        <spawn x="-18166" y="240661" z="-3376" h="17798" />
        <spawn x="-18361" y="241412" z="-3344" h="25370" />
        <spawn x="-19656" y="242519" z="-3372" h="39777" />
        <spawn x="-20207" y="242776" z="-3320" h="28240" />
        <spawn x="-21160" y="240982" z="-2857" h="51672" />
        <spawn x="-20663" y="240445" z="-2853" h="2590" />
        <spawn x="-19731" y="240540" z="-2863" h="56116" />
        <spawn x="-19675" y="238917" z="-2853" h="52575" />
        <spawn x="-19956" y="238359" z="-2782" h="44076" />
        <spawn x="-20065" y="238088" z="-2733" h="44347" />
        <spawn x="-20312" y="239074" z="-2809" h="20021" />
        <spawn x="-23413" y="244327" z="-3142" h="30937" />
        <spawn x="-24456" y="245273" z="-3142" h="25605" />
        <spawn x="-24400" y="245342" z="-3139" h="9272" />
        <spawn x="-24184" y="246829" z="-3140" h="21354" />
        <spawn x="-24131" y="246895" z="-3136" h="9326" />
        <spawn x="-24505" y="246200" z="-3142" h="41105" />
        <spawn x="-23827" y="251508" z="-3374" h="36744" />
        <spawn x="-24813" y="251592" z="-3308" h="32068" />
        <spawn x="-25028" y="252160" z="-3303" h="17292" />
        <spawn x="-25199" y="252162" z="-3278" h="37604" />
        <spawn x="-23089" y="251919" z="-3370" h="2435" />
        <spawn x="-27251" y="254398" z="-2100" h="17713" />
        <spawn x="-27448" y="254772" z="-2083" h="21474" />
        <spawn x="-26802" y="255580" z="-1961" h="4395" />
        <spawn x="-27421" y="255938" z="-1974" h="26847" />
        <spawn x="-28210" y="257060" z="-1931" h="21060" />
        <spawn x="-26399" y="257076" z="-1935" h="65162" />
        <spawn x="-25510" y="256393" z="-2155" h="45089" />
        <spawn x="-25582" y="254862" z="-2147" h="48633" />
        <spawn x="-26459" y="254151" z="-2147" h="39584" />
        <spawn x="-28023" y="253782" z="-2149" h="31123" />
        <spawn x="-28741" y="254135" z="-2169" h="18991" />
      </spawnlist>
    </npc>
    <npc id="22323">
      <!--Charmed Native-->
      <spawnlist>
        <spawn x="-11789" y="237702" z="-3160" h="3326" />
        <spawn x="-10135" y="237547" z="-3140" h="3599" />
        <spawn x="-10661" y="237586" z="-3131" h="30769" />
        <spawn x="-12292" y="238438" z="-3273" h="52887" />
        <spawn x="-12636" y="237769" z="-3230" h="43213" />
        <spawn x="-14496" y="236664" z="-3313" h="41845" />
        <spawn x="-13364" y="236368" z="-3273" h="1631" />
        <spawn x="-12820" y="236699" z="-3294" h="9951" />
        <spawn x="-14583" y="238345" z="-3255" h="25133" />
        <spawn x="-15021" y="238531" z="-3292" h="29420" />
        <spawn x="-16959" y="238296" z="-3345" h="36123" />
        <spawn x="-18001" y="239769" z="-3365" h="19704" />
        <spawn x="-17932" y="239864" z="-3366" h="9831" />
        <spawn x="-18234" y="241303" z="-3352" h="15904" />
        <spawn x="-19519" y="242628" z="-3372" h="24425" />
        <spawn x="-21010" y="240506" z="-2826" h="52975" />
        <spawn x="-20251" y="240755" z="-2863" h="7569" />
        <spawn x="-20092" y="240668" z="-2863" h="3751" />
        <spawn x="-19764" y="239165" z="-2858" h="48081" />
        <spawn x="-20307" y="237889" z="-2611" h="44366" />
        <spawn x="-23048" y="244030" z="-3121" h="23552" />
        <spawn x="-23516" y="244214" z="-3142" h="41727" />
        <spawn x="-24043" y="245009" z="-3139" h="26509" />
        <spawn x="-24289" y="245875" z="-3142" h="15881" />
        <spawn x="-23771" y="246239" z="-3142" h="2938" />
        <spawn x="-24714" y="245802" z="-3142" h="44337" />
        <spawn x="-23633" y="251135" z="-3317" h="15517" />
        <spawn x="-24432" y="251648" z="-3358" h="60699" />
        <spawn x="-22686" y="251747" z="-3375" h="61704" />
        <spawn x="-27193" y="253489" z="-2189" h="16530" />
        <spawn x="-27193" y="255304" z="-2023" h="10269" />
        <spawn x="-28041" y="257288" z="-1939" h="9346" />
        <spawn x="-26156" y="257041" z="-1924" h="64043" />
        <spawn x="-25425" y="257018" z="-2132" h="280" />
        <spawn x="-26308" y="253936" z="-2144" h="55421" />
        <spawn x="-27944" y="256663" z="-1934" h="23050" />
        <spawn x="-25732" y="254391" z="-2151" h="45744" />
        <spawn x="-28535" y="253708" z="-2149" h="33574" />
        <spawn x="-25196" y="255451" z="-2147" h="52706" />
      </spawnlist>
    </npc>
    <npc id="32354">
      <!--Kief-->
      <spawnlist>
        <spawn x="-21271" y="250238" z="-3314" h="16384" />
      </spawnlist>
    </npc>
    <npc id="32345">
      <!--Buron-->
      <spawnlist>
        <spawn x="-11173" y="236537" z="-3236" h="41760" />
      </spawnlist>
    </npc>
  </hellbound>
  <!--Спавн хеллбоунда на 2 левеле, аборигены, мобы-души которые можно освободить святой водой-->
  <hellbound level="2">
  	<npc id="22330">
			<spawnlist>
 				<spawn territoryId="700006" count="9" respawn_delay="60" respawn_delay_rnd="0" periodOfDay="0" />
				<spawn territoryId="700007" count="50" respawn_delay="60" respawn_delay_rnd="0" periodOfDay="0" />
	    </spawnlist>
		</npc>
		<!--<npc id="18463">
      Remnant Diabolist
      <spawnlist>
        <spawn x="-27061" y="254941" z="-2042" h="46320" />
        <spawn x="-27455" y="256493" z="-1932" h="27597" />
        <spawn x="-28073" y="257065" z="-1933" h="7677" />
        <spawn x="-26991" y="257600" z="-1932" h="63910" />
        <spawn x="-26661" y="257615" z="-1926" h="473" />
        <spawn x="-25730" y="254439" z="-2153" h="54360" />
        <spawn x="-25099" y="255567" z="-2147" h="16358" />
        <spawn x="-29151" y="255839" z="-2147" h="42134" />
        <spawn x="-29068" y="254817" z="-2167" h="50499" />
        <spawn x="-27982" y="254332" z="-2153" h="58681" />
        <spawn x="-27263" y="254089" z="-2129" h="48379" />
      </spawnlist>
    </npc>
    <npc id="18464">
     Remnant Diviner
      <spawnlist>
        <spawn x="-27281" y="255183" z="-12039" h="49515" />
        <spawn x="-27286" y="255929" z="-11960" h="12297" />
        <spawn x="-27583" y="256373" z="-11924" h="24848" />
        <spawn x="-27949" y="256665" z="-11932" h="18243" />
        <spawn x="-28234" y="256868" z="-11941" h="26312" />
        <spawn x="-27462" y="257674" z="-11928" h="4984" />
        <spawn x="-26343" y="256435" z="-11933" h="53950" />
        <spawn x="-26166" y="255304" z="-12145" h="53579" />
        <spawn x="-26008" y="254988" z="-12147" h="52882" />
        <spawn x="-25102" y="254910" z="-12144" h="19611" />
        <spawn x="-26666" y="256235" z="-11911" h="62890" />
        <spawn x="-28666" y="254838" z="-12167" h="63197" />
        <spawn x="-27693" y="254611" z="-12110" h="7116" />
        <spawn x="-27180" y="253936" z="-12141" h="54336" />
      </spawnlist>
    </npc>  -->
    <npc id="22322">
      <!--Subjugated Native-->
      <spawnlist>
        <spawn x="-10577" y="237356" z="-3149" h="65055" />
        <spawn x="-12013" y="238409" z="-3238" h="24810" />
        <spawn x="-12356" y="238609" z="-3282" h="29650" />
        <spawn x="-12707" y="237458" z="-3227" h="44352" />
        <spawn x="-14083" y="236811" z="-3293" h="35434" />
        <spawn x="-14639" y="236636" z="-3318" h="28059" />
        <spawn x="-14609" y="236468" z="-3323" h="50973" />
        <spawn x="-12971" y="236486" z="-3296" h="3816" />
        <spawn x="-16535" y="238373" z="-3330" h="32821" />
        <spawn x="-17413" y="238605" z="-3333" h="25672" />
        <spawn x="-17737" y="239430" z="-3346" h="19952" />
        <spawn x="-18049" y="240131" z="-3371" h="19365" />
        <spawn x="-18166" y="240661" z="-3376" h="17798" />
        <spawn x="-18361" y="241412" z="-3344" h="25370" />
        <spawn x="-19656" y="242519" z="-3372" h="39777" />
        <spawn x="-20207" y="242776" z="-3320" h="28240" />
        <spawn x="-21160" y="240982" z="-2857" h="51672" />
        <spawn x="-20663" y="240445" z="-2853" h="2590" />
        <spawn x="-19731" y="240540" z="-2863" h="56116" />
        <spawn x="-19675" y="238917" z="-2853" h="52575" />
        <spawn x="-19956" y="238359" z="-2782" h="44076" />
        <spawn x="-20065" y="238088" z="-2733" h="44347" />
        <spawn x="-20312" y="239074" z="-2809" h="20021" />
        <spawn x="-23413" y="244327" z="-3142" h="30937" />
        <spawn x="-24456" y="245273" z="-3142" h="25605" />
        <spawn x="-24400" y="245342" z="-3139" h="9272" />
        <spawn x="-24184" y="246829" z="-3140" h="21354" />
        <spawn x="-24131" y="246895" z="-3136" h="9326" />
        <spawn x="-24505" y="246200" z="-3142" h="41105" />
        <spawn x="-23827" y="251508" z="-3374" h="36744" />
        <spawn x="-24813" y="251592" z="-3308" h="32068" />
        <spawn x="-25028" y="252160" z="-3303" h="17292" />
        <spawn x="-25199" y="252162" z="-3278" h="37604" />
        <spawn x="-23089" y="251919" z="-3370" h="2435" />
        <spawn x="-27251" y="254398" z="-2100" h="17713" />
        <spawn x="-27448" y="254772" z="-2083" h="21474" />
        <spawn x="-26802" y="255580" z="-1961" h="4395" />
        <spawn x="-27421" y="255938" z="-1974" h="26847" />
        <spawn x="-28210" y="257060" z="-1931" h="21060" />
        <spawn x="-26399" y="257076" z="-1935" h="65162" />
        <spawn x="-25510" y="256393" z="-2155" h="45089" />
        <spawn x="-25582" y="254862" z="-2147" h="48633" />
        <spawn x="-26459" y="254151" z="-2147" h="39584" />
        <spawn x="-28023" y="253782" z="-2149" h="31123" />
        <spawn x="-28741" y="254135" z="-2169" h="18991" />
      </spawnlist>
    </npc>
    <npc id="22323">
      <!--Charmed Native-->
      <spawnlist>
        <spawn x="-11789" y="237702" z="-3160" h="3326" />
        <spawn x="-10135" y="237547" z="-3140" h="3599" />
        <spawn x="-10661" y="237586" z="-3131" h="30769" />
        <spawn x="-12292" y="238438" z="-3273" h="52887" />
        <spawn x="-12636" y="237769" z="-3230" h="43213" />
        <spawn x="-14496" y="236664" z="-3313" h="41845" />
        <spawn x="-13364" y="236368" z="-3273" h="1631" />
        <spawn x="-12820" y="236699" z="-3294" h="9951" />
        <spawn x="-14583" y="238345" z="-3255" h="25133" />
        <spawn x="-15021" y="238531" z="-3292" h="29420" />
        <spawn x="-16959" y="238296" z="-3345" h="36123" />
        <spawn x="-18001" y="239769" z="-3365" h="19704" />
        <spawn x="-17932" y="239864" z="-3366" h="9831" />
        <spawn x="-18234" y="241303" z="-3352" h="15904" />
        <spawn x="-19519" y="242628" z="-3372" h="24425" />
        <spawn x="-21010" y="240506" z="-2826" h="52975" />
        <spawn x="-20251" y="240755" z="-2863" h="7569" />
        <spawn x="-20092" y="240668" z="-2863" h="3751" />
        <spawn x="-19764" y="239165" z="-2858" h="48081" />
        <spawn x="-20307" y="237889" z="-2611" h="44366" />
        <spawn x="-23048" y="244030" z="-3121" h="23552" />
        <spawn x="-23516" y="244214" z="-3142" h="41727" />
        <spawn x="-24043" y="245009" z="-3139" h="26509" />
        <spawn x="-24289" y="245875" z="-3142" h="15881" />
        <spawn x="-23771" y="246239" z="-3142" h="2938" />
        <spawn x="-24714" y="245802" z="-3142" h="44337" />
        <spawn x="-23633" y="251135" z="-3317" h="15517" />
        <spawn x="-24432" y="251648" z="-3358" h="60699" />
        <spawn x="-22686" y="251747" z="-3375" h="61704" />
        <spawn x="-27193" y="253489" z="-2189" h="16530" />
        <spawn x="-27193" y="255304" z="-2023" h="10269" />
        <spawn x="-28041" y="257288" z="-1939" h="9346" />
        <spawn x="-26156" y="257041" z="-1924" h="64043" />
        <spawn x="-25425" y="257018" z="-2132" h="280" />
        <spawn x="-26308" y="253936" z="-2144" h="55421" />
        <spawn x="-27944" y="256663" z="-1934" h="23050" />
        <spawn x="-25732" y="254391" z="-2151" h="45744" />
        <spawn x="-28535" y="253708" z="-2149" h="33574" />
        <spawn x="-25196" y="255451" z="-2147" h="52706" />
      </spawnlist>
    </npc>
    <npc id="32354">
      <!--Kief-->
      <spawnlist>
        <spawn x="-21271" y="250238" z="-3314" h="16384" />
      </spawnlist>
    </npc>
    <npc id="32345">
      <!--Buron-->
      <spawnlist>
        <spawn x="-11173" y="236537" z="-3236" h="41760" />
      </spawnlist>
    </npc>
  </hellbound>
</list>